{
  "train_loss": [
    0.7193717360496521,
    0.7687620520591736,
    0.715968132019043,
    0.682096540927887,
    0.8521579504013062,
    0.8093088269233704,
    0.6717947721481323,
    0.6875352263450623,
    0.7658042311668396,
    0.6504796147346497
  ],
  "train_accuracy": [
    0.5,
    0.45,
    0.45,
    0.55,
    0.35,
    0.3,
    0.5,
    0.6,
    0.55,
    0.6
  ],
  "val_loss": [
    0.707663893699646,
    0.715450644493103,
    0.7144424915313721,
    0.7099941372871399,
    0.6909943222999573,
    0.6798842549324036,
    0.6844512224197388,
    0.6984260678291321,
    0.7439256906509399,
    0.7881062030792236
  ],
  "val_accuracy": [
    0.5,
    0.5,
    0.5,
    0.5,
    0.3,
    0.6,
    0.5,
    0.5,
    0.5,
    0.5
  ],
  "config": {
    "model": "efficientnet_b0",
    "data_dir": "ml\\data\\skin_hair",
    "epochs": 10,
    "batch_size": 32,
    "learning_rate": 0.001,
    "device": "cpu"
  },
  "best_val_accuracy": 0.6,
  "best_val_loss": 0.6798842549324036,
  "elapsed_time_seconds": 100.639869,
  "num_epochs_trained": 10
}